steps,LU algo time,
1,0.00118700000000
2,0.0204450000000
3,0.515768000000
