Steps,Relative Error
1,-1.17969778218
2,-3.08803683156
3,-5.08005156711
4,-7.07926773668
5,-9.07910103734
6,-10.1628306760
7,-9.09004599083
8,-8.12941265673
